timestamp,prompt,output,latency_s,gpu_mem_mb,gpu_temp_c,gpu_util_%,correct
2025-11-18 03:44:44,Write a short story about a robot realizing it has emotions.,"Write a short story about a robot realizing it has emotions.

I'm looking for a story about a robot that realizes it has emotions. It's a short story, probably less than 1",1.19,12860.88,51,74,True
2025-11-18 03:44:45,Describe a rainy night from the perspective of a streetlight.,"Describe a rainy night from the perspective of a streetlight.

I am a streetlight, and I am here to tell you about a rainy night.

It was a dark and stormy night,",0.91,12860.88,53,93,True
2025-11-18 03:44:46,Compose a 3-sentence poem about time running backward.,"Compose a 3-sentence poem about time running backward.

Comment: I'm voting to close this question as off-topic because it is a homework dump.

Comment: @Mari-",0.84,12860.88,53,94,True
2025-11-18 03:44:47,Write a motivational paragraph using only metaphors.,"Write a motivational paragraph using only metaphors.

I am a bird in a cage. I am a fish in a tank. I am a rabbit in a burrow. I am a",1.05,12860.88,52,75,True
2025-11-18 03:44:48,Create a short dialogue between a human and an AI discussing trust.,"Create a short dialogue between a human and an AI discussing trust.

The AI: ""I'm sorry, but I can't trust you.""

The human: ""Why not?""

The",0.98,12860.88,52,74,True
2025-11-18 03:44:49,Narrate a peaceful morning in a futuristic city.,"Narrate a peaceful morning in a futuristic city.

The sun rises over the city, casting a warm glow over the towering skyscrapers. The streets are bustling with",0.87,12860.88,53,93,True
